-- MySQL dump 10.13  Distrib 8.0.21, for Win64 (x86_64)
--
-- Host: localhost    Database: organizerdb
-- ------------------------------------------------------
-- Server version	8.0.21

/*!40101 SET @OLD_CHARACTER_SET_CLIENT=@@CHARACTER_SET_CLIENT */;
/*!40101 SET @OLD_CHARACTER_SET_RESULTS=@@CHARACTER_SET_RESULTS */;
/*!40101 SET @OLD_COLLATION_CONNECTION=@@COLLATION_CONNECTION */;
/*!50503 SET NAMES utf8mb4 */;
/*!40103 SET @OLD_TIME_ZONE=@@TIME_ZONE */;
/*!40103 SET TIME_ZONE='+00:00' */;
/*!40014 SET @OLD_UNIQUE_CHECKS=@@UNIQUE_CHECKS, UNIQUE_CHECKS=0 */;
/*!40014 SET @OLD_FOREIGN_KEY_CHECKS=@@FOREIGN_KEY_CHECKS, FOREIGN_KEY_CHECKS=0 */;
/*!40101 SET @OLD_SQL_MODE=@@SQL_MODE, SQL_MODE='NO_AUTO_VALUE_ON_ZERO' */;
/*!40111 SET @OLD_SQL_NOTES=@@SQL_NOTES, SQL_NOTES=0 */;

--
-- Table structure for table `actualday`
--

DROP TABLE IF EXISTS `actualday`;
/*!40101 SET @saved_cs_client     = @@character_set_client */;
/*!50503 SET character_set_client = utf8mb4 */;
CREATE TABLE `actualday` (
  `DayId` int NOT NULL AUTO_INCREMENT,
  `Date` datetime NOT NULL,
  `IsWeekday` tinyint DEFAULT NULL,
  PRIMARY KEY (`DayId`)
) ENGINE=InnoDB AUTO_INCREMENT=481 DEFAULT CHARSET=utf8;
/*!40101 SET character_set_client = @saved_cs_client */;

--
-- Dumping data for table `actualday`
--

LOCK TABLES `actualday` WRITE;
/*!40000 ALTER TABLE `actualday` DISABLE KEYS */;
INSERT INTO `actualday` VALUES (116,'2020-08-17 00:00:00',1),(117,'2020-08-18 00:00:00',1),(118,'2020-08-19 00:00:00',1),(119,'2020-08-20 00:00:00',1),(120,'2020-08-21 00:00:00',1),(121,'2020-08-22 00:00:00',0),(122,'2020-08-23 00:00:00',0),(123,'2020-08-24 00:00:00',1),(124,'2020-08-25 00:00:00',1),(125,'2020-08-26 00:00:00',1),(126,'2020-08-27 00:00:00',1),(127,'2020-08-28 00:00:00',1),(128,'2020-08-29 00:00:00',0),(129,'2020-08-30 00:00:00',0),(130,'2020-08-31 00:00:00',1),(131,'2020-09-01 00:00:00',1),(132,'2020-09-02 00:00:00',1),(133,'2020-09-03 00:00:00',1),(134,'2020-09-04 00:00:00',1),(135,'2020-09-05 00:00:00',0),(136,'2020-09-06 00:00:00',0),(137,'2020-09-07 00:00:00',1),(138,'2020-09-08 00:00:00',1),(139,'2020-09-09 00:00:00',1),(140,'2020-09-10 00:00:00',1),(141,'2020-09-11 00:00:00',1),(142,'2020-09-12 00:00:00',0),(143,'2020-09-13 00:00:00',0),(144,'2020-09-14 00:00:00',1),(145,'2020-09-15 00:00:00',1),(146,'2020-09-16 00:00:00',1),(147,'2020-09-17 00:00:00',1),(148,'2020-09-18 00:00:00',1),(149,'2020-09-19 00:00:00',0),(150,'2020-09-20 00:00:00',0),(151,'2020-09-21 00:00:00',1),(152,'2020-09-22 00:00:00',1),(153,'2020-09-23 00:00:00',1),(154,'2020-09-24 00:00:00',1),(155,'2020-09-25 00:00:00',1),(156,'2020-09-26 00:00:00',0),(157,'2020-09-27 00:00:00',0),(158,'2020-09-28 00:00:00',1),(159,'2020-09-29 00:00:00',1),(160,'2020-09-30 00:00:00',1),(161,'2020-10-01 00:00:00',1),(162,'2020-10-02 00:00:00',1),(163,'2020-10-03 00:00:00',0),(164,'2020-10-04 00:00:00',0),(165,'2020-10-05 00:00:00',1),(166,'2020-10-06 00:00:00',1),(167,'2020-10-07 00:00:00',1),(168,'2020-10-08 00:00:00',1),(169,'2020-10-09 00:00:00',1),(170,'2020-10-10 00:00:00',0),(171,'2020-10-11 00:00:00',0),(172,'2020-10-12 00:00:00',1),(173,'2020-10-13 00:00:00',1),(174,'2020-10-14 00:00:00',1),(175,'2020-10-15 00:00:00',1),(176,'2020-10-16 00:00:00',1),(177,'2020-10-17 00:00:00',0),(178,'2020-10-18 00:00:00',0),(179,'2020-10-19 00:00:00',1),(180,'2020-10-20 00:00:00',1),(181,'2020-10-21 00:00:00',1),(182,'2020-10-22 00:00:00',1),(183,'2020-10-23 00:00:00',1),(184,'2020-10-24 00:00:00',0),(185,'2020-10-25 00:00:00',0),(186,'2020-10-26 00:00:00',1),(187,'2020-10-27 00:00:00',1),(188,'2020-10-28 00:00:00',1),(189,'2020-10-29 00:00:00',1),(190,'2020-10-30 00:00:00',1),(191,'2020-10-31 00:00:00',0),(192,'2020-11-01 00:00:00',0),(193,'2020-11-02 00:00:00',1),(194,'2020-11-03 00:00:00',1),(195,'2020-11-04 00:00:00',1),(196,'2020-11-05 00:00:00',1),(197,'2020-11-06 00:00:00',1),(198,'2020-11-07 00:00:00',0),(199,'2020-11-08 00:00:00',0),(200,'2020-11-09 00:00:00',1),(201,'2020-11-10 00:00:00',1),(202,'2020-11-11 00:00:00',1),(203,'2020-11-12 00:00:00',1),(204,'2020-11-13 00:00:00',1),(205,'2020-11-14 00:00:00',0),(206,'2020-11-15 00:00:00',0),(207,'2020-11-16 00:00:00',1),(208,'2020-11-17 00:00:00',1),(209,'2020-11-18 00:00:00',1),(210,'2020-11-19 00:00:00',1),(211,'2020-11-20 00:00:00',1),(212,'2020-11-21 00:00:00',0),(213,'2020-11-22 00:00:00',0),(214,'2020-11-23 00:00:00',1),(215,'2020-11-24 00:00:00',1),(216,'2020-11-25 00:00:00',1),(217,'2020-11-26 00:00:00',1),(218,'2020-11-27 00:00:00',1),(219,'2020-11-28 00:00:00',0),(220,'2020-11-29 00:00:00',0),(221,'2020-11-30 00:00:00',1),(222,'2020-12-01 00:00:00',1),(223,'2020-12-02 00:00:00',1),(224,'2020-12-03 00:00:00',1),(225,'2020-12-04 00:00:00',1),(226,'2020-12-05 00:00:00',0),(227,'2020-12-06 00:00:00',0),(228,'2020-12-07 00:00:00',1),(229,'2020-12-08 00:00:00',1),(230,'2020-12-09 00:00:00',1),(231,'2020-12-10 00:00:00',1),(232,'2020-12-11 00:00:00',1),(233,'2020-12-12 00:00:00',0),(234,'2020-12-13 00:00:00',0),(235,'2020-12-14 00:00:00',1),(236,'2020-12-15 00:00:00',1),(237,'2020-12-16 00:00:00',1),(238,'2020-12-17 00:00:00',1),(239,'2020-12-18 00:00:00',1),(240,'2020-12-19 00:00:00',0),(241,'2020-12-20 00:00:00',0),(242,'2020-12-21 00:00:00',1),(243,'2020-12-22 00:00:00',1),(244,'2020-12-23 00:00:00',1),(245,'2020-12-24 00:00:00',1),(246,'2020-12-25 00:00:00',1),(247,'2020-12-26 00:00:00',0),(248,'2020-12-27 00:00:00',0),(249,'2020-12-28 00:00:00',1),(250,'2020-12-29 00:00:00',1),(251,'2020-12-30 00:00:00',1),(252,'2020-12-31 00:00:00',1),(253,'2021-01-01 00:00:00',1),(254,'2021-01-02 00:00:00',0),(255,'2021-01-03 00:00:00',0),(256,'2021-01-04 00:00:00',1),(257,'2021-01-05 00:00:00',1),(258,'2021-01-06 00:00:00',1),(259,'2021-01-07 00:00:00',1),(260,'2021-01-08 00:00:00',1),(261,'2021-01-09 00:00:00',0),(262,'2021-01-10 00:00:00',0),(263,'2021-01-11 00:00:00',1),(264,'2021-01-12 00:00:00',1),(265,'2021-01-13 00:00:00',1),(266,'2021-01-14 00:00:00',1),(267,'2021-01-15 00:00:00',1),(268,'2021-01-16 00:00:00',0),(269,'2021-01-17 00:00:00',0),(270,'2021-01-18 00:00:00',1),(271,'2021-01-19 00:00:00',1),(272,'2021-01-20 00:00:00',1),(273,'2021-01-21 00:00:00',1),(274,'2021-01-22 00:00:00',1),(275,'2021-01-23 00:00:00',0),(276,'2021-01-24 00:00:00',0),(277,'2021-01-25 00:00:00',1),(278,'2021-01-26 00:00:00',1),(279,'2021-01-27 00:00:00',1),(280,'2021-01-28 00:00:00',1),(281,'2021-01-29 00:00:00',1),(282,'2021-01-30 00:00:00',0),(283,'2021-01-31 00:00:00',0),(284,'2021-02-01 00:00:00',1),(285,'2021-02-02 00:00:00',1),(286,'2021-02-03 00:00:00',1),(287,'2021-02-04 00:00:00',1),(288,'2021-02-05 00:00:00',1),(289,'2021-02-06 00:00:00',0),(290,'2021-02-07 00:00:00',0),(291,'2021-02-08 00:00:00',1),(292,'2021-02-09 00:00:00',1),(293,'2021-02-10 00:00:00',1),(294,'2021-02-11 00:00:00',1),(295,'2021-02-12 00:00:00',1),(296,'2021-02-13 00:00:00',0),(297,'2021-02-14 00:00:00',0),(298,'2021-02-15 00:00:00',1),(299,'2021-02-16 00:00:00',1),(300,'2021-02-17 00:00:00',1),(301,'2021-02-18 00:00:00',1),(302,'2021-02-19 00:00:00',1),(303,'2021-02-20 00:00:00',0),(304,'2021-02-21 00:00:00',0),(305,'2021-02-22 00:00:00',1),(306,'2021-02-23 00:00:00',1),(307,'2021-02-24 00:00:00',1),(308,'2021-02-25 00:00:00',1),(309,'2021-02-26 00:00:00',1),(310,'2021-02-27 00:00:00',0),(311,'2021-02-28 00:00:00',0),(312,'2021-03-01 00:00:00',1),(313,'2021-03-02 00:00:00',1),(314,'2021-03-03 00:00:00',1),(315,'2021-03-04 00:00:00',1),(316,'2021-03-05 00:00:00',1),(317,'2021-03-06 00:00:00',0),(318,'2021-03-07 00:00:00',0),(319,'2021-03-08 00:00:00',1),(320,'2021-03-09 00:00:00',1),(321,'2021-03-10 00:00:00',1),(322,'2021-03-11 00:00:00',1),(323,'2021-03-12 00:00:00',1),(324,'2021-03-13 00:00:00',0),(325,'2021-03-14 00:00:00',0),(326,'2021-03-15 00:00:00',1),(327,'2021-03-16 00:00:00',1),(328,'2021-03-17 00:00:00',1),(329,'2021-03-18 00:00:00',1),(330,'2021-03-19 00:00:00',1),(331,'2021-03-20 00:00:00',0),(332,'2021-03-21 00:00:00',0),(333,'2021-03-22 00:00:00',1),(334,'2021-03-23 00:00:00',1),(335,'2021-03-24 00:00:00',1),(336,'2021-03-25 00:00:00',1),(337,'2021-03-26 00:00:00',1),(338,'2021-03-27 00:00:00',0),(339,'2021-03-28 00:00:00',0),(340,'2021-03-29 00:00:00',1),(341,'2021-03-30 00:00:00',1),(342,'2021-03-31 00:00:00',1),(343,'2021-04-01 00:00:00',1),(344,'2021-04-02 00:00:00',1),(345,'2021-04-03 00:00:00',0),(346,'2021-04-04 00:00:00',0),(347,'2021-04-05 00:00:00',1),(348,'2021-04-06 00:00:00',1),(349,'2021-04-07 00:00:00',1),(350,'2021-04-08 00:00:00',1),(351,'2021-04-09 00:00:00',1),(352,'2021-04-10 00:00:00',0),(353,'2021-04-11 00:00:00',0),(354,'2021-04-12 00:00:00',1),(355,'2021-04-13 00:00:00',1),(356,'2021-04-14 00:00:00',1),(357,'2021-04-15 00:00:00',1),(358,'2021-04-16 00:00:00',1),(359,'2021-04-17 00:00:00',0),(360,'2021-04-18 00:00:00',0),(361,'2021-04-19 00:00:00',1),(362,'2021-04-20 00:00:00',1),(363,'2021-04-21 00:00:00',1),(364,'2021-04-22 00:00:00',1),(365,'2021-04-23 00:00:00',1),(366,'2021-04-24 00:00:00',0),(367,'2021-04-25 00:00:00',0),(368,'2021-04-26 00:00:00',1),(369,'2021-04-27 00:00:00',1),(370,'2021-04-28 00:00:00',1),(371,'2021-04-29 00:00:00',1),(372,'2021-04-30 00:00:00',1),(373,'2021-05-01 00:00:00',0),(374,'2021-05-02 00:00:00',0),(375,'2021-05-03 00:00:00',1),(376,'2021-05-04 00:00:00',1),(377,'2021-05-05 00:00:00',1),(378,'2021-05-06 00:00:00',1),(379,'2021-05-07 00:00:00',1),(380,'2021-05-08 00:00:00',0),(381,'2021-05-09 00:00:00',0),(382,'2021-05-10 00:00:00',1),(383,'2021-05-11 00:00:00',1),(384,'2021-05-12 00:00:00',1),(385,'2021-05-13 00:00:00',1),(386,'2021-05-14 00:00:00',1),(387,'2021-05-15 00:00:00',0),(388,'2021-05-16 00:00:00',0),(389,'2021-05-17 00:00:00',1),(390,'2021-05-18 00:00:00',1),(391,'2021-05-19 00:00:00',1),(392,'2021-05-20 00:00:00',1),(393,'2021-05-21 00:00:00',1),(394,'2021-05-22 00:00:00',0),(395,'2021-05-23 00:00:00',0),(396,'2021-05-24 00:00:00',1),(397,'2021-05-25 00:00:00',1),(398,'2021-05-26 00:00:00',1),(399,'2021-05-27 00:00:00',1),(400,'2021-05-28 00:00:00',1),(401,'2021-05-29 00:00:00',0),(402,'2021-05-30 00:00:00',0),(403,'2021-05-31 00:00:00',1),(404,'2021-06-01 00:00:00',1),(405,'2021-06-02 00:00:00',1),(406,'2021-06-03 00:00:00',1),(407,'2021-06-04 00:00:00',1),(408,'2021-06-05 00:00:00',0),(409,'2021-06-06 00:00:00',0),(410,'2021-06-07 00:00:00',1),(411,'2021-06-08 00:00:00',1),(412,'2021-06-09 00:00:00',1),(413,'2021-06-10 00:00:00',1),(414,'2021-06-11 00:00:00',1),(415,'2021-06-12 00:00:00',0),(416,'2021-06-13 00:00:00',0),(417,'2021-06-14 00:00:00',1),(418,'2021-06-15 00:00:00',1),(419,'2021-06-16 00:00:00',1),(420,'2021-06-17 00:00:00',1),(421,'2021-06-18 00:00:00',1),(422,'2021-06-19 00:00:00',0),(423,'2021-06-20 00:00:00',0),(424,'2021-06-21 00:00:00',1),(425,'2021-06-22 00:00:00',1),(426,'2021-06-23 00:00:00',1),(427,'2021-06-24 00:00:00',1),(428,'2021-06-25 00:00:00',1),(429,'2021-06-26 00:00:00',0),(430,'2021-06-27 00:00:00',0),(431,'2021-06-28 00:00:00',1),(432,'2021-06-29 00:00:00',1),(433,'2021-06-30 00:00:00',1),(434,'2021-07-01 00:00:00',1),(435,'2021-07-02 00:00:00',1),(436,'2021-07-03 00:00:00',0),(437,'2021-07-04 00:00:00',0),(438,'2021-07-05 00:00:00',1),(439,'2021-07-06 00:00:00',1),(440,'2021-07-07 00:00:00',1),(441,'2021-07-08 00:00:00',1),(442,'2021-07-09 00:00:00',1),(443,'2021-07-10 00:00:00',0),(444,'2021-07-11 00:00:00',0),(445,'2021-07-12 00:00:00',1),(446,'2021-07-13 00:00:00',1),(447,'2021-07-14 00:00:00',1),(448,'2021-07-15 00:00:00',1),(449,'2021-07-16 00:00:00',1),(450,'2021-07-17 00:00:00',0),(451,'2021-07-18 00:00:00',0),(452,'2021-07-19 00:00:00',1),(453,'2021-07-20 00:00:00',1),(454,'2021-07-21 00:00:00',1),(455,'2021-07-22 00:00:00',1),(456,'2021-07-23 00:00:00',1),(457,'2021-07-24 00:00:00',0),(458,'2021-07-25 00:00:00',0),(459,'2021-07-26 00:00:00',1),(460,'2021-07-27 00:00:00',1),(461,'2021-07-28 00:00:00',1),(462,'2021-07-29 00:00:00',1),(463,'2021-07-30 00:00:00',1),(464,'2021-07-31 00:00:00',0),(465,'2021-08-01 00:00:00',0),(466,'2021-08-02 00:00:00',1),(467,'2021-08-03 00:00:00',1),(468,'2021-08-04 00:00:00',1),(469,'2021-08-05 00:00:00',1),(470,'2021-08-06 00:00:00',1),(471,'2021-08-07 00:00:00',0),(472,'2021-08-08 00:00:00',0),(473,'2021-08-09 00:00:00',1),(474,'2021-08-10 00:00:00',1),(475,'2021-08-11 00:00:00',1),(476,'2021-08-12 00:00:00',1),(477,'2021-08-13 00:00:00',1),(478,'2021-08-14 00:00:00',0),(479,'2021-08-15 00:00:00',0),(480,'2021-08-16 00:00:00',1);
/*!40000 ALTER TABLE `actualday` ENABLE KEYS */;
UNLOCK TABLES;

--
-- Table structure for table `event`
--

DROP TABLE IF EXISTS `event`;
/*!40101 SET @saved_cs_client     = @@character_set_client */;
/*!50503 SET character_set_client = utf8mb4 */;
CREATE TABLE `event` (
  `EventId` int NOT NULL AUTO_INCREMENT,
  `Comment` varchar(600) DEFAULT NULL,
  `StartTime` datetime DEFAULT NULL,
  `EndTime` datetime DEFAULT NULL,
  `EventTypeId` tinyint NOT NULL,
  `DayId` int DEFAULT NULL,
  `TDayId` int DEFAULT NULL,
  PRIMARY KEY (`EventId`),
  KEY `fk_Event_EventType_idx` (`EventTypeId`),
  KEY `fk_Event_ActualDay1_idx` (`DayId`),
  KEY `fk_Event_TemplateDay1_idx` (`TDayId`),
  CONSTRAINT `DayId` FOREIGN KEY (`DayId`) REFERENCES `actualday` (`DayId`) ON UPDATE CASCADE,
  CONSTRAINT `EventTypeId` FOREIGN KEY (`EventTypeId`) REFERENCES `eventtype` (`EventTypeId`) ON UPDATE CASCADE,
  CONSTRAINT `TDayId` FOREIGN KEY (`TDayId`) REFERENCES `templateday` (`TDayId`)
) ENGINE=InnoDB AUTO_INCREMENT=116 DEFAULT CHARSET=utf8;
/*!40101 SET character_set_client = @saved_cs_client */;

--
-- Dumping data for table `event`
--

LOCK TABLES `event` WRITE;
/*!40000 ALTER TABLE `event` DISABLE KEYS */;
INSERT INTO `event` VALUES (81,NULL,'2020-08-24 08:00:00','2020-08-24 08:30:00',10,NULL,NULL),(82,NULL,'2020-08-25 08:00:00','2020-08-25 08:30:00',10,NULL,NULL),(83,NULL,'2020-08-26 08:00:00','2020-08-26 08:30:00',10,NULL,NULL),(84,NULL,'2020-08-27 08:00:00','2020-08-27 08:30:00',10,NULL,NULL),(85,NULL,'2020-08-28 08:00:00','2020-08-28 08:30:00',10,NULL,NULL),(86,NULL,'2020-08-24 09:00:00','2020-08-24 09:30:00',6,NULL,NULL),(87,NULL,'2020-08-25 09:00:00','2020-08-25 09:30:00',6,NULL,NULL),(88,NULL,'2020-08-26 09:00:00','2020-08-26 09:30:00',6,NULL,NULL),(89,NULL,'2020-08-27 09:00:00','2020-08-27 09:30:00',6,NULL,NULL),(90,NULL,'2020-08-28 09:00:00','2020-08-28 09:30:00',6,NULL,NULL),(92,NULL,'2020-08-25 10:00:00','2020-08-25 18:00:00',1,NULL,NULL),(93,NULL,'2020-08-26 10:00:00','2020-08-26 18:00:00',1,NULL,NULL),(94,NULL,'2020-08-27 10:00:00','2020-08-27 18:00:00',1,NULL,NULL),(95,NULL,'2020-08-28 10:00:00','2020-08-28 18:00:00',1,NULL,NULL),(97,NULL,'2020-08-25 14:00:00','2020-08-25 14:15:00',10,NULL,NULL),(98,NULL,'2020-08-26 14:00:00','2020-08-26 14:15:00',10,NULL,NULL),(99,NULL,'2020-08-27 14:00:00','2020-08-27 14:15:00',10,NULL,NULL),(100,NULL,'2020-08-28 14:00:00','2020-08-28 14:15:00',10,NULL,NULL),(102,NULL,'2020-08-25 18:00:00','2020-08-25 18:30:00',10,NULL,NULL),(103,NULL,'2020-08-26 18:00:00','2020-08-26 18:30:00',10,NULL,NULL),(104,NULL,'2020-08-27 18:00:00','2020-08-27 18:30:00',10,NULL,NULL),(105,NULL,'2020-08-28 18:00:00','2020-08-28 18:30:00',10,NULL,NULL),(106,NULL,'2020-08-24 18:40:00','2020-08-24 19:10:00',6,NULL,NULL),(107,NULL,'2020-08-25 18:40:00','2020-08-25 19:10:00',6,NULL,NULL),(108,NULL,'2020-08-26 18:40:00','2020-08-26 19:10:00',6,NULL,NULL),(109,NULL,'2020-08-27 18:40:00','2020-08-27 19:10:00',6,NULL,NULL),(110,NULL,'2020-08-28 18:40:00','2020-08-28 19:10:00',6,NULL,NULL),(111,NULL,'1999-12-31 08:30:00','1999-12-31 09:00:00',6,NULL,2),(112,NULL,'2020-08-29 08:30:00','2020-08-29 09:00:00',6,NULL,NULL),(113,NULL,'2020-08-30 08:30:00','2020-08-30 09:00:00',6,NULL,NULL),(114,'','2020-08-24 10:00:00','2020-08-24 12:30:00',1,NULL,NULL);
/*!40000 ALTER TABLE `event` ENABLE KEYS */;
UNLOCK TABLES;

--
-- Table structure for table `eventtype`
--

DROP TABLE IF EXISTS `eventtype`;
/*!40101 SET @saved_cs_client     = @@character_set_client */;
/*!50503 SET character_set_client = utf8mb4 */;
CREATE TABLE `eventtype` (
  `EventTypeId` tinyint NOT NULL AUTO_INCREMENT,
  `EventTypeName` varchar(100) NOT NULL,
  PRIMARY KEY (`EventTypeId`)
) ENGINE=InnoDB AUTO_INCREMENT=12 DEFAULT CHARSET=utf8;
/*!40101 SET character_set_client = @saved_cs_client */;

--
-- Dumping data for table `eventtype`
--

LOCK TABLES `eventtype` WRITE;
/*!40000 ALTER TABLE `eventtype` DISABLE KEYS */;
INSERT INTO `eventtype` VALUES (1,'Working'),(2,'Studying'),(3,'Sports'),(4,'Playing with dog'),(5,'Reading'),(6,'Stretching'),(10,'Walking in the park'),(11,'Social activity');
/*!40000 ALTER TABLE `eventtype` ENABLE KEYS */;
UNLOCK TABLES;

--
-- Table structure for table `generalassignment`
--

DROP TABLE IF EXISTS `generalassignment`;
/*!40101 SET @saved_cs_client     = @@character_set_client */;
/*!50503 SET character_set_client = utf8mb4 */;
CREATE TABLE `generalassignment` (
  `GeneralAssignmentId` int NOT NULL AUTO_INCREMENT,
  `Comment` varchar(600) NOT NULL,
  `IsDone` tinyint NOT NULL,
  `DateAdded` datetime NOT NULL,
  `DateToFinish` datetime NOT NULL,
  PRIMARY KEY (`GeneralAssignmentId`)
) ENGINE=InnoDB AUTO_INCREMENT=37 DEFAULT CHARSET=utf8;
/*!40101 SET character_set_client = @saved_cs_client */;

--
-- Dumping data for table `generalassignment`
--

LOCK TABLES `generalassignment` WRITE;
/*!40000 ALTER TABLE `generalassignment` DISABLE KEYS */;
INSERT INTO `generalassignment` VALUES (33,'Nay',1,'2020-08-20 17:13:59','2020-08-21 19:13:32'),(34,'Walking by myself',1,'2020-08-20 17:20:18','2020-08-20 18:20:07'),(35,'Finish 2 forms',1,'2020-08-21 10:41:42','2020-08-21 18:00:00'),(36,'Finish deploying this app.',0,'2020-08-23 19:08:08','2020-08-25 19:00:00');
/*!40000 ALTER TABLE `generalassignment` ENABLE KEYS */;
UNLOCK TABLES;

--
-- Table structure for table `templateday`
--

DROP TABLE IF EXISTS `templateday`;
/*!40101 SET @saved_cs_client     = @@character_set_client */;
/*!50503 SET character_set_client = utf8mb4 */;
CREATE TABLE `templateday` (
  `TDayId` int NOT NULL AUTO_INCREMENT,
  `Day` varchar(45) NOT NULL,
  PRIMARY KEY (`TDayId`)
) ENGINE=InnoDB AUTO_INCREMENT=4 DEFAULT CHARSET=utf8;
/*!40101 SET character_set_client = @saved_cs_client */;

--
-- Dumping data for table `templateday`
--

LOCK TABLES `templateday` WRITE;
/*!40000 ALTER TABLE `templateday` DISABLE KEYS */;
INSERT INTO `templateday` VALUES (1,'Weekday'),(2,'Weekend');
/*!40000 ALTER TABLE `templateday` ENABLE KEYS */;
UNLOCK TABLES;
/*!40103 SET TIME_ZONE=@OLD_TIME_ZONE */;

/*!40101 SET SQL_MODE=@OLD_SQL_MODE */;
/*!40014 SET FOREIGN_KEY_CHECKS=@OLD_FOREIGN_KEY_CHECKS */;
/*!40014 SET UNIQUE_CHECKS=@OLD_UNIQUE_CHECKS */;
/*!40101 SET CHARACTER_SET_CLIENT=@OLD_CHARACTER_SET_CLIENT */;
/*!40101 SET CHARACTER_SET_RESULTS=@OLD_CHARACTER_SET_RESULTS */;
/*!40101 SET COLLATION_CONNECTION=@OLD_COLLATION_CONNECTION */;
/*!40111 SET SQL_NOTES=@OLD_SQL_NOTES */;

-- Dump completed on 2020-08-24 12:06:53
